Company ID,Sales Document,Document Date,Customer code,Article code,Quantity,Sales Value
1010US,,,,,,
,71162,1/1/2020,8010,102,410,4920
,71107,1/1/2020,8010,106,341,4433
,71118,1/1/2020,8010,106,227,2951
,71122,1/1/2020,8010,117,287,5166
,71160,1/1/2020,8020,120,332,20584
,71141,1/1/2020,8020,119,209,12958
,71112,1/1/2020,8020,118,213,3834
,71133,1/1/2020,8010,105,312,3120
,71112,1/1/2020,8010,101,388,4656
,71195,1/11/2020,8010,114,199,4975
,71123,1/11/2020,8010,106,384,4992
,71110,1/11/2020,8020,113,351,8775
,71126,1/11/2020,8020,112,323,8075
,71166,1/11/2020,8020,119,363,22506
,71137,1/11/2020,8010,108,370,22200
,71176,1/11/2020,8010,118,392,7056
,71173,1/11/2020,8020,108,236,14160
,71194,1/11/2020,8020,103,200,2400
,71166,1/11/2020,8010,107,373,4849
,71147,1/11/2020,8010,117,314,5652
,71130,1/11/2020,8010,120,183,11346
,71112,1/11/2020,8020,117,330,5940
,71185,1/11/2020,8020,115,267,1602
,71189,1/11/2020,8010,109,435,26100
,71178,1/11/2020,8010,102,426,5112
,71149,1/11/2020,8020,112,288,7200
,71181,1/11/2020,8020,104,346,4152
,71181,1/11/2020,8020,112,253,6325
,71190,1/11/2020,8010,105,196,1960
,71117,1/11/2020,8010,114,242,6050
,71176,1/11/2020,8020,110,256,6400
,71123,1/11/2020,8020,104,335,4020
,71153,1/11/2020,8020,102,337,4044
,71123,1/11/2020,8010,105,435,4350
,71102,1/11/2020,8010,116,243,1458
,71191,1/21/2020,8020,111,333,6660
,71108,1/21/2020,8020,101,265,3180
,71185,1/21/2020,8010,106,151,1963
,71179,1/21/2020,8010,118,407,7326
,71115,1/21/2020,8010,115,290,1740
,71183,1/21/2020,8020,120,366,22692
,71188,1/21/2020,8020,114,376,9400
,71135,1/21/2020,8010,119,340,21080
,71178,1/21/2020,8010,114,314,7850
,71120,1/21/2020,8010,117,151,2718
,71110,1/29/2020,8020,102,354,4248
,70552,2/2/2020,8010,101,255,3060
,71069,2/2/2020,8010,113,428,10700
,70310,2/2/2020,8010,113,168,4200
,70233,2/2/2020,8010,105,177,1770
,70459,2/2/2020,8020,119,317,19654
,70133,2/2/2020,8020,113,188,4700
,70158,2/2/2020,8020,105,384,3840
,70450,2/2/2020,8010,108,275,16500
,70517,2/2/2020,8010,115,383,2298
,70710,2/11/2020,8010,105,334,3340
,70984,2/11/2020,8010,111,357,7140
,70599,2/11/2020,8020,101,238,2856
,70653,2/11/2020,8020,112,382,9550
,70049,2/11/2020,8020,111,439,8780
,70144,2/11/2020,8010,110,251,6275
,70043,2/11/2020,8010,105,254,2540
,70206,2/12/2020,8020,116,390,2340
,70754,2/12/2020,8020,101,162,1944
,70524,2/12/2020,8010,116,392,2352
,70442,2/12/2020,8010,106,150,1950
,71015,2/12/2020,8010,111,197,3940
,71099,2/12/2020,8020,118,440,7920
,70621,2/12/2020,8020,116,196,1176
,70083,2/12/2020,8010,106,210,2730
,70394,2/12/2020,8010,120,293,18166
,70007,2/12/2020,8020,119,187,11594
,70130,2/12/2020,8020,111,364,7280
,70331,2/12/2020,8020,110,175,4375
,70646,2/12/2020,8010,113,313,7825
,70489,2/12/2020,8010,119,378,23436
,70732,2/12/2020,8020,112,365,9125
,70386,2/12/2020,8020,107,369,4797
,70070,2/12/2020,8020,117,192,3456
,70055,2/12/2020,8010,109,377,22620
,70698,2/12/2020,8010,114,403,10075
,70863,2/21/2020,8020,112,359,8975
,70003,2/21/2020,8020,105,411,4110
,70778,2/21/2020,8010,117,212,3816
,70096,2/21/2020,8010,109,383,22980
,70822,2/21/2020,8010,112,410,10250
,70373,2/21/2020,8020,116,299,1794
,70083,2/21/2020,8020,114,253,6325
,71085,2/22/2020,8010,116,201,1206
,70330,2/22/2020,8010,108,326,19560
,70928,2/22/2020,8010,104,340,4080
,70242,2/29/2020,8020,112,265,6625
,69513,3/3/2020,8010,118,296,5328
,69106,3/3/2020,8010,105,224,2240
,69187,3/3/2020,8010,117,442,7956
,69805,3/3/2020,8010,105,151,1510
,69714,3/3/2020,8020,112,387,9675
,69988,3/3/2020,8020,118,420,7560
,69281,3/3/2020,8020,115,152,912
,69997,3/3/2020,8010,118,201,3618
,69045,3/3/2020,8010,112,256,6400
,69217,3/11/2020,8010,118,414,7452
,69513,3/11/2020,8010,113,405,10125
,69234,3/11/2020,8020,114,194,4850
,69645,3/11/2020,8020,111,196,3920
,69191,3/11/2020,8020,115,246,1476
,69930,3/11/2020,8010,116,317,1902
,69222,3/11/2020,8010,111,328,6560
,69973,3/13/2020,8020,112,248,6200
,69978,3/13/2020,8020,113,305,7625
,69706,3/13/2020,8010,108,397,23820
,69770,3/13/2020,8010,117,403,7254
,69409,3/13/2020,8010,116,197,1182
,69586,3/13/2020,8020,117,303,5454
,69054,3/13/2020,8020,117,270,4860
,69183,3/13/2020,8010,120,427,26474
,69096,3/13/2020,8010,113,307,7675
,69513,3/13/2020,8020,104,167,2004
,69840,3/13/2020,8020,112,434,10850
,69118,3/13/2020,8020,118,188,3384
,69347,3/13/2020,8010,104,358,4296
,69000,3/13/2020,8010,118,175,3150
,69573,3/13/2020,8020,114,158,3950
,69084,3/13/2020,8020,118,396,7128
,69073,3/13/2020,8020,114,274,6850
,69614,3/13/2020,8010,116,354,2124
,69282,3/13/2020,8010,110,212,5300
,69684,3/21/2020,8020,112,175,4375
,69331,3/21/2020,8020,118,329,5922
,69866,3/21/2020,8010,104,173,2076
,69481,3/21/2020,8010,116,339,2034
,69609,3/21/2020,8010,114,278,6950
,69678,3/21/2020,8020,107,164,2132
,69657,3/21/2020,8020,115,264,1584
,69019,3/23/2020,8010,119,443,27466
,69730,3/23/2020,8010,120,224,13888
,69449,3/23/2020,8010,120,338,20956
,69836,3/29/2020,8020,109,175,10500
,68648,4/4/2020,8010,103,425,5100
,68916,4/4/2020,8010,114,207,5175
,68216,4/4/2020,8010,117,250,4500
,68365,4/4/2020,8010,114,221,5525
,68440,4/4/2020,8020,106,382,4966
,68033,4/4/2020,8020,113,204,5100
,68626,4/4/2020,8020,114,157,3925
,68870,4/4/2020,8010,111,398,7960
,68135,4/4/2020,8010,107,290,3770
,68488,4/11/2020,8010,103,358,4296
,68089,4/11/2020,8010,107,419,5447
,68893,4/11/2020,8020,120,338,20956
,68303,4/11/2020,8020,115,212,1272
,68568,4/11/2020,8020,105,208,2080
,68911,4/11/2020,8010,109,445,26700
,68808,4/11/2020,8010,102,309,3708
,68455,4/13/2020,8010,118,383,6894
,68580,4/13/2020,8010,108,424,25440
,68593,4/14/2020,8020,113,292,7300
,68766,4/14/2020,8020,108,379,22740
,68886,4/14/2020,8010,105,223,2230
,68307,4/14/2020,8010,101,354,4248
,68295,4/14/2020,8010,116,432,2592
,68042,4/14/2020,8020,103,185,2220
,68043,4/14/2020,8020,115,334,2004
,68076,4/14/2020,8020,113,257,6425
,68952,4/14/2020,8020,102,277,3324
,68481,4/14/2020,8020,118,199,3582
,68718,4/14/2020,8010,111,358,7160
,68750,4/14/2020,8010,118,270,4860
,68390,4/14/2020,8020,102,350,4200
,68450,4/14/2020,8020,103,350,4200
,68459,4/14/2020,8020,117,203,3654
,68929,4/14/2020,8010,111,281,5620
,68026,4/14/2020,8010,104,446,5352
,68771,4/21/2020,8020,103,389,4668
,68078,4/21/2020,8020,118,240,4320
,68121,4/21/2020,8010,111,425,8500
,68689,4/21/2020,8010,102,387,4644
,68623,4/21/2020,8010,119,380,23560
,68037,4/21/2020,8020,106,301,3913
,68078,4/21/2020,8020,105,174,1740
,68609,4/24/2020,8010,109,345,20700
,68915,4/24/2020,8010,106,180,2340
,68776,4/24/2020,8010,103,381,4572
,68915,4/29/2020,8020,107,439,5707
,67597,5/4/2020,8010,118,450,8100
,67968,5/4/2020,8010,106,298,3874
,67001,5/5/2020,8010,115,332,1992
,67151,5/5/2020,8010,107,216,2808
,67862,5/5/2020,8020,101,420,5040
,67899,5/5/2020,8020,110,404,10100
,67025,5/5/2020,8020,109,201,12060
,67206,5/5/2020,8010,116,338,2028
,67029,5/5/2020,8010,111,331,6620
,67815,5/11/2020,8010,106,415,5395
,67509,5/11/2020,8010,104,244,2928
,67903,5/11/2020,8020,117,279,5022
,67298,5/11/2020,8020,116,221,1326
,67028,5/11/2020,8020,107,448,5824
,67298,5/11/2020,8010,101,240,2880
,67303,5/11/2020,8010,102,275,3300
,67231,5/13/2020,8010,116,396,2376
,67780,5/13/2020,8010,111,358,7160
,67483,5/14/2020,8020,112,180,4500
,67003,5/14/2020,8020,102,343,4116
,67279,5/14/2020,8020,117,381,6858
,67500,5/15/2020,8020,111,363,7260
,67203,5/15/2020,8020,104,370,4440
,67949,5/15/2020,8010,101,437,5244
,67296,5/15/2020,8010,118,227,4086
,67013,5/15/2020,8010,113,245,6125
,67927,5/15/2020,8020,118,201,3618
,67143,5/15/2020,8020,114,210,5250
,67926,5/15/2020,8010,105,406,4060
,67804,5/15/2020,8010,110,242,6050
,67725,5/15/2020,8020,101,430,5160
,67320,5/15/2020,8020,110,193,4825
,67317,5/15/2020,8020,119,345,21390
,67401,5/15/2020,8010,101,329,3948
,67087,5/15/2020,8010,111,222,4440
,67695,5/21/2020,8020,104,379,4548
,67872,5/21/2020,8020,118,448,8064
,67343,5/21/2020,8010,104,407,4884
,67799,5/21/2020,8010,116,263,1578
,67188,5/21/2020,8010,101,190,2280
,67163,5/21/2020,8020,102,214,2568
,67916,5/21/2020,8020,107,298,3874
,67404,5/25/2020,8010,119,237,14694
,67273,5/25/2020,8010,105,434,4340
,67444,5/25/2020,8010,105,371,3710
,67174,5/29/2020,8020,117,429,7722
,66958,6/4/2020,8010,112,383,9575
,66909,6/4/2020,8010,119,294,18228
,66962,6/6/2020,8010,115,250,1500
,66984,6/6/2020,8010,119,264,16368
,66962,6/6/2020,8020,117,303,5454
,66970,6/6/2020,8020,120,428,26536
,66936,6/6/2020,8020,120,378,23436
,66951,6/6/2020,8010,107,260,3380
,66952,6/6/2020,8010,101,164,1968
,66997,6/11/2020,8010,101,437,5244
,66995,6/11/2020,8010,105,345,3450
,66957,6/11/2020,8020,114,361,9025
,66978,6/11/2020,8020,107,347,4511
,66962,6/11/2020,8020,110,218,5450
,66911,6/11/2020,8010,110,354,8850
,66974,6/11/2020,8010,112,199,4975
,66963,6/13/2020,8010,118,221,3978
,66947,6/13/2020,8010,112,384,9600
,66927,6/14/2020,8020,118,231,4158
,66989,6/14/2020,8020,104,237,2844
,66944,6/14/2020,8020,120,351,21762
,66975,6/15/2020,8020,110,305,7625
,66940,6/15/2020,8020,108,181,10860
,66957,6/15/2020,8010,106,157,2041
,66996,6/15/2020,8010,103,292,3504
,66987,6/15/2020,8010,111,163,3260
,66980,6/15/2020,8020,110,319,7975
,66979,6/15/2020,8020,117,210,3780
,66941,6/16/2020,8010,108,208,12480
,66939,6/16/2020,8010,109,308,18480
,66943,6/16/2020,8020,113,387,9675
,66947,6/16/2020,8020,106,252,3276
,66917,6/16/2020,8020,119,416,25792
,66963,6/16/2020,8010,110,383,9575
,66988,6/16/2020,8010,104,404,4848
,66983,6/21/2020,8020,111,335,6700
,66917,6/21/2020,8020,115,292,1752
,66998,6/21/2020,8010,113,425,10625
,66960,6/21/2020,8010,117,325,5850
,66958,6/21/2020,8010,105,320,3200
,66977,6/21/2020,8020,111,198,3960
,66909,6/21/2020,8020,114,271,6775
,66970,6/25/2020,8010,111,326,6520
,66974,6/26/2020,8010,111,323,6460
,66912,6/26/2020,8010,113,422,10550
,66961,6/29/2020,8020,112,222,5550
,66842,7/4/2020,8010,112,398,9950
,66815,7/4/2020,8010,108,370,22200
,66825,7/7/2020,8010,117,276,4968
,66834,7/7/2020,8010,106,238,3094
,66871,7/7/2020,8020,101,267,3204
,66892,7/7/2020,8020,113,414,10350
,66858,7/7/2020,8020,112,328,8200
,66880,7/7/2020,8010,111,184,3680
,66832,7/7/2020,8010,120,259,16058
,66808,7/11/2020,8010,120,329,20398
,66830,7/11/2020,8010,111,440,8800
,66810,7/11/2020,8020,101,373,4476
,66873,7/11/2020,8020,108,196,11760
,66883,7/11/2020,8020,111,275,5500
,66891,7/11/2020,8010,109,404,24240
,66897,7/11/2020,8010,111,291,5820
,66851,7/13/2020,8010,107,218,2834
,66821,7/13/2020,8010,103,385,4620
,66841,7/14/2020,8020,118,329,5922
,66886,7/14/2020,8020,101,289,3468
,66885,7/14/2020,8020,103,406,4872
,66862,7/15/2020,8020,107,341,4433
,66807,7/15/2020,8020,103,337,4044
,66817,7/15/2020,8010,109,249,14940
,66844,7/15/2020,8010,103,249,2988
,66865,7/15/2020,8010,112,434,10850
,66820,7/15/2020,8020,104,207,2484
,66813,7/15/2020,8020,114,262,6550
,66832,7/17/2020,8010,106,246,3198
,66875,7/17/2020,8010,110,423,10575
,66849,7/17/2020,8020,104,423,5076
,66888,7/17/2020,8020,104,446,5352
,66862,7/17/2020,8020,117,319,5742
,66831,7/17/2020,8010,101,358,4296
,66842,7/17/2020,8010,103,324,3888
,66885,7/21/2020,8020,104,285,3420
,66894,7/21/2020,8020,118,418,7524
,66897,7/21/2020,8010,103,289,3468
,66817,7/21/2020,8010,119,198,12276
,66812,7/21/2020,8010,114,248,6200
,66878,7/21/2020,8020,103,374,4488
,66877,7/21/2020,8020,110,295,7375
,66862,7/25/2020,8010,113,360,9000
,66829,7/27/2020,8010,102,383,4596
,66830,7/27/2020,8010,106,283,3679
,66862,7/29/2020,8020,101,160,1920
,66492,8/4/2020,8010,119,361,22382
,66392,8/4/2020,8010,118,332,5976
,66403,8/7/2020,8010,116,312,1872
,66421,8/7/2020,8010,112,307,7675
,66343,8/8/2020,8020,105,361,3610
,66373,8/8/2020,8020,118,358,6444
,66398,8/8/2020,8020,114,198,4950
,66416,8/8/2020,8010,111,235,4700
,66436,8/8/2020,8010,116,255,1530
,66456,8/11/2020,8010,119,280,17360
,66448,8/11/2020,8010,107,197,2561
,66409,8/11/2020,8020,115,310,1860
,66304,8/11/2020,8020,105,282,2820
,66349,8/11/2020,8020,114,403,10075
,66349,8/11/2020,8010,107,158,2054
,66396,8/11/2020,8010,117,306,5508
,66488,8/13/2020,8010,114,450,11250
,66395,8/13/2020,8010,104,178,2136
,66414,8/14/2020,8020,101,201,2412
,66381,8/14/2020,8020,109,215,12900
,66331,8/14/2020,8020,110,173,4325
,66300,8/15/2020,8020,109,195,11700
,66448,8/15/2020,8020,102,425,5100
,66480,8/15/2020,8010,111,205,4100
,66402,8/15/2020,8010,116,217,1302
,66427,8/15/2020,8010,103,385,4620
,66490,8/15/2020,8020,119,330,20460
,66379,8/15/2020,8020,110,156,3900
,66437,8/17/2020,8010,109,329,19740
,66360,8/17/2020,8010,110,184,4600
,66384,8/17/2020,8020,101,423,5076
,66369,8/17/2020,8020,115,406,2436
,66369,8/17/2020,8020,115,359,2154
,66412,8/17/2020,8010,104,348,4176
,66455,8/17/2020,8010,119,289,17918
,66430,8/21/2020,8020,108,240,14400
,66471,8/21/2020,8020,102,325,3900
,66484,8/21/2020,8010,103,425,5100
,66468,8/21/2020,8010,109,367,22020
,66349,8/21/2020,8010,107,263,3419
,66406,8/21/2020,8020,119,438,27156
,66428,8/21/2020,8020,106,216,2808
,66487,8/25/2020,8010,113,276,6900
,66313,8/27/2020,8010,101,157,1884
,66375,8/28/2020,8010,110,215,5375
,66448,8/29/2020,8020,106,166,2158
1020US,,,,,,
,71184,1/1/2020,8020,101,422,5064
,71146,1/1/2020,8020,105,303,3030
,71109,1/1/2020,8020,110,224,5600
,71184,1/1/2020,8020,119,328,20336
,71154,1/1/2020,8020,103,246,2952
,71156,1/1/2020,8020,117,435,7830
,71193,1/1/2020,8020,106,432,5616
,71199,1/11/2020,8020,107,415,5395
,71187,1/11/2020,8020,108,273,16380
,71132,1/11/2020,8020,114,320,8000
,71128,1/11/2020,8020,107,193,2509
,71130,1/11/2020,8020,112,198,4950
,71108,1/11/2020,8020,106,196,2548
,71191,1/11/2020,8020,112,210,5250
,71194,1/11/2020,8010,119,263,16306
,71163,1/11/2020,8010,105,389,3890
,71109,1/11/2020,8010,117,381,6858
,71114,1/11/2020,8010,111,256,5120
,71104,1/11/2020,8010,112,194,4850
,71142,1/11/2020,8010,107,235,3055
,71177,1/11/2020,8010,102,248,2976
,70550,2/2/2020,8020,120,337,20894
,70614,2/2/2020,8020,112,445,11125
,71094,2/2/2020,8020,111,159,3180
,70643,2/2/2020,8020,109,422,25320
,70730,2/2/2020,8020,119,356,22072
,71031,2/2/2020,8020,118,179,3222
,70081,2/2/2020,8020,119,171,10602
,70494,2/12/2020,8020,109,224,13440
,70211,2/12/2020,8020,109,390,23400
,70956,2/12/2020,8020,116,347,2082
,70908,2/12/2020,8020,108,264,15840
,70702,2/12/2020,8020,101,366,4392
,70162,2/12/2020,8020,105,192,1920
,70876,2/12/2020,8020,109,304,18240
,70572,2/12/2020,8010,117,244,4392
,70617,2/12/2020,8010,118,306,5508
,71047,2/12/2020,8010,114,250,6250
,70390,2/12/2020,8010,106,338,4394
,70048,2/12/2020,8010,109,270,16200
,70388,2/12/2020,8010,106,376,4888
,70660,2/12/2020,8010,113,215,5375
,69095,3/2/2020,8020,107,254,3302
,69158,3/2/2020,8020,112,442,11050
,69544,3/2/2020,8020,106,230,2990
,69375,3/2/2020,8020,104,434,5208
,69947,3/3/2020,8020,109,405,24300
,69137,3/3/2020,8020,117,255,4590
,69360,3/3/2020,8020,103,424,5088
,69417,3/12/2020,8020,102,385,4620
,69587,3/12/2020,8020,104,424,5088
,69635,3/12/2020,8020,113,329,8225
,69190,3/12/2020,8020,111,363,7260
,69730,3/12/2020,8020,109,225,13500
,69550,3/12/2020,8020,118,194,3492
,69383,3/12/2020,8020,101,182,2184
,69098,3/13/2020,8010,112,233,5825
,69755,3/13/2020,8010,119,262,16244
,69463,3/13/2020,8010,101,296,3552
,69436,3/13/2020,8010,107,229,2977
,69395,3/13/2020,8010,116,330,1980
,69186,3/13/2020,8010,119,428,26536
,69637,3/13/2020,8010,118,353,6354
,68778,4/2/2020,8020,102,443,5316
,68080,4/2/2020,8020,106,261,3393
,68793,4/2/2020,8020,108,410,24600
,68022,4/2/2020,8020,111,345,6900
,68281,4/4/2020,8020,102,430,5160
,68357,4/4/2020,8020,118,151,2718
,68678,4/4/2020,8020,113,251,6275
,68547,4/12/2020,8020,119,443,27466
,68468,4/12/2020,8020,117,282,5076
,68667,4/12/2020,8020,116,330,1980
,68092,4/12/2020,8020,104,432,5184
,68315,4/12/2020,8020,114,371,9275
,68220,4/12/2020,8020,112,426,10650
,68276,4/12/2020,8020,108,153,9180
,68534,4/14/2020,8010,109,399,23940
,68748,4/14/2020,8010,116,327,1962
,68760,4/14/2020,8010,112,416,10400
,68510,4/14/2020,8010,113,396,9900
,68366,4/14/2020,8010,119,395,24490
,68993,4/14/2020,8010,120,389,24118
,68028,4/14/2020,8010,103,265,3180
,67966,5/2/2020,8020,112,437,10925
,67695,5/2/2020,8020,116,311,1866
,67165,5/2/2020,8020,104,266,3192
,67347,5/2/2020,8020,104,394,4728
,67391,5/5/2020,8020,119,318,19716
,67299,5/5/2020,8020,113,223,5575
,67975,5/5/2020,8020,105,423,4230
,67416,5/12/2020,8020,105,240,2400
,67283,5/12/2020,8020,106,271,3523
,67582,5/12/2020,8020,120,240,14880
,67522,5/12/2020,8020,101,433,5196
,67152,5/12/2020,8020,101,267,3204
,67966,5/12/2020,8020,106,363,4719
,67850,5/12/2020,8020,107,236,3068
,67001,5/15/2020,8010,101,167,2004
,67789,5/15/2020,8010,101,224,2688
,67228,5/15/2020,8010,102,384,4608
,67162,5/15/2020,8010,103,432,5184
,67890,5/15/2020,8010,106,338,4394
,67806,5/15/2020,8010,113,317,7925
,67119,5/15/2020,8010,115,357,2142
,66973,6/2/2020,8020,119,355,22010
,66991,6/2/2020,8020,110,269,6725
,66984,6/2/2020,8020,104,255,3060
,66985,6/2/2020,8020,110,389,9725
,66984,6/6/2020,8020,113,234,5850
,66907,6/6/2020,8020,103,290,3480
,66961,6/6/2020,8020,112,393,9825
,66958,6/12/2020,8020,105,416,4160
,66984,6/12/2020,8020,103,410,4920
,67000,6/12/2020,8020,114,273,6825
,66997,6/12/2020,8020,111,204,4080
,66939,6/12/2020,8020,102,186,2232
,66952,6/12/2020,8020,111,168,3360
,66905,6/12/2020,8020,103,405,4860
,66937,6/16/2020,8010,117,200,3600
,66918,6/16/2020,8010,119,448,27776
,66922,6/16/2020,8010,108,334,20040
,66925,6/16/2020,8010,102,357,4284
,66998,6/16/2020,8010,111,257,5140
,66995,6/16/2020,8010,115,395,2370
,66986,6/16/2020,8010,119,445,27590
,66874,7/2/2020,8020,113,370,9250
,66860,7/2/2020,8020,104,423,5076
,66882,7/2/2020,8020,101,336,4032
,66871,7/2/2020,8020,103,448,5376
,66843,7/7/2020,8020,104,163,1956
,66848,7/7/2020,8020,109,323,19380
,66900,7/7/2020,8020,109,274,16440
,66861,7/12/2020,8020,110,405,10125
,66834,7/12/2020,8020,111,232,4640
,66877,7/12/2020,8020,103,363,4356
,66858,7/12/2020,8020,106,224,2912
,66817,7/12/2020,8020,110,202,5050
,66804,7/12/2020,8020,114,434,10850
,66862,7/12/2020,8020,113,379,9475
,66854,7/16/2020,8010,106,155,2015
,66809,7/16/2020,8010,101,324,3888
,66881,7/16/2020,8010,111,265,5300
,66870,7/16/2020,8010,112,369,9225
,66880,7/16/2020,8010,119,305,18910
,66818,7/16/2020,8010,104,176,2112
,66821,7/16/2020,8010,103,314,3768
,66410,8/2/2020,8020,105,376,3760
,66475,8/2/2020,8020,116,440,2640
,66347,8/2/2020,8020,106,244,3172
,66361,8/2/2020,8020,103,383,4596
,66365,8/8/2020,8020,114,435,10875
,66475,8/8/2020,8020,110,293,7325
,66486,8/8/2020,8020,102,442,5304
,66496,8/12/2020,8020,109,214,12840
,66328,8/12/2020,8020,118,425,7650
,66419,8/12/2020,8020,115,300,1800
,66376,8/12/2020,8020,115,260,1560
,66465,8/12/2020,8020,102,176,2112
,66337,8/12/2020,8020,102,207,2484
,66436,8/12/2020,8020,119,226,14012
,66339,8/16/2020,8010,115,326,1956
,66337,8/16/2020,8010,102,245,2940
,66420,8/16/2020,8010,114,328,8200
,66381,8/16/2020,8010,104,274,3288
,66496,8/16/2020,8010,103,442,5304
,66365,8/16/2020,8010,118,432,7776
,66382,8/16/2020,8010,120,175,10850
1030AT,,,,,,
,71125,1/1/2020,8050,109,402,24120
,71121,1/1/2020,8050,116,199,1194
,71184,1/1/2020,8050,109,388,23280
,71169,1/1/2020,8050,111,240,4800
,71165,1/1/2020,8040,118,321,5778
,71144,1/1/2020,8040,118,351,6318
,71178,1/1/2020,8040,105,444,4440
,71152,1/11/2020,8040,120,302,18724
,71140,1/11/2020,8040,110,432,10800
,71149,1/11/2020,8040,101,450,5400
,71147,1/11/2020,8040,118,285,5130
,71189,1/11/2020,8040,109,164,9840
,71192,1/11/2020,8040,106,362,4706
,71139,1/11/2020,8040,111,306,6120
,71109,1/11/2020,8050,111,417,8340
,71168,1/11/2020,8050,114,273,6825
,71120,1/11/2020,8050,114,427,10675
,71181,1/11/2020,8050,110,395,9875
,71157,1/11/2020,8050,116,303,1818
,71121,1/11/2020,8050,118,295,5310
,71133,1/11/2020,8050,109,222,13320
,71164,1/11/2020,8040,114,185,4625
,71135,1/11/2020,8040,105,413,4130
,71158,1/11/2020,8040,106,173,2249
,71132,1/11/2020,8040,109,381,22860
,71183,1/11/2020,8040,115,250,1500
,71124,1/11/2020,8040,101,405,4860
,71139,1/11/2020,8040,113,436,10900
,71186,1/21/2020,8040,114,390,9750
,71134,1/21/2020,8040,113,426,10650
,71123,1/21/2020,8030,114,292,7300
,71198,1/21/2020,8030,102,206,2472
,71148,1/21/2020,8030,113,375,9375
,71167,1/21/2020,8030,112,412,10300
,71117,1/21/2020,8030,108,250,15000
,70674,2/2/2020,8050,108,210,12600
,70895,2/2/2020,8050,102,208,2496
,70732,2/2/2020,8050,111,376,7520
,70476,2/2/2020,8050,101,379,4548
,70518,2/2/2020,8040,106,285,3705
,70881,2/2/2020,8040,105,168,1680
,70623,2/2/2020,8040,118,176,3168
,70448,2/11/2020,8040,107,208,2704
,70365,2/11/2020,8040,114,194,4850
,70209,2/11/2020,8040,117,247,4446
,70457,2/11/2020,8040,109,357,21420
,70408,2/11/2020,8040,120,158,9796
,70782,2/11/2020,8040,119,338,20956
,70315,2/11/2020,8040,119,424,26288
,70946,2/12/2020,8050,108,309,18540
,70885,2/12/2020,8050,108,411,24660
,70838,2/12/2020,8050,114,300,7500
,70349,2/12/2020,8050,119,275,17050
,71001,2/12/2020,8050,107,329,4277
,71055,2/12/2020,8050,117,351,6318
,70082,2/12/2020,8050,120,310,19220
,70180,2/12/2020,8040,102,247,2964
,71086,2/12/2020,8040,114,354,8850
,70251,2/12/2020,8040,105,235,2350
,70529,2/12/2020,8040,114,291,7275
,70240,2/12/2020,8040,107,248,3224
,71054,2/12/2020,8040,116,394,2364
,70713,2/12/2020,8040,107,383,4979
,70459,2/22/2020,8040,119,320,19840
,70380,2/22/2020,8040,111,422,8440
,70939,2/22/2020,8030,110,428,10700
,70165,2/22/2020,8030,104,178,2136
,70350,2/22/2020,8030,113,418,10450
,70547,2/22/2020,8030,104,204,2448
,71080,2/22/2020,8030,119,260,16120
,69980,3/3/2020,8050,113,274,6850
,69270,3/3/2020,8050,118,335,6030
,69011,3/3/2020,8050,104,236,2832
,69508,3/3/2020,8050,103,426,5112
,69223,3/3/2020,8040,102,267,3204
,69010,3/3/2020,8040,104,294,3528
,69341,3/3/2020,8040,102,167,2004
,69377,3/11/2020,8040,116,337,2022
,69500,3/11/2020,8040,103,217,2604
,69161,3/11/2020,8040,105,165,1650
,69266,3/11/2020,8040,105,268,2680
,69399,3/11/2020,8040,109,276,16560
,69567,3/11/2020,8040,118,373,6714
,69611,3/11/2020,8040,117,400,7200
,69969,3/13/2020,8050,111,303,6060
,69892,3/13/2020,8050,109,424,25440
,69157,3/13/2020,8050,111,331,6620
,69343,3/13/2020,8050,108,236,14160
,69202,3/13/2020,8050,117,169,3042
,69066,3/13/2020,8050,116,388,2328
,69060,3/13/2020,8050,106,427,5551
,69116,3/13/2020,8040,108,186,11160
,69236,3/13/2020,8040,104,274,3288
,69872,3/13/2020,8040,110,172,4300
,69055,3/13/2020,8040,115,416,2496
,69335,3/13/2020,8040,119,297,18414
,69844,3/13/2020,8040,102,396,4752
,69731,3/13/2020,8040,101,271,3252
,69412,3/22/2020,8040,112,284,7100
,69708,3/22/2020,8040,102,299,3588
,69934,3/23/2020,8030,120,230,14260
,69321,3/23/2020,8030,111,238,4760
,69860,3/23/2020,8030,101,326,3912
,69381,3/23/2020,8030,103,245,2940
,69777,3/23/2020,8030,106,204,2652
,68410,4/4/2020,8050,117,317,5706
,68628,4/4/2020,8050,114,372,9300
,68694,4/4/2020,8050,118,416,7488
,68136,4/4/2020,8050,112,442,11050
,68991,4/4/2020,8040,106,330,4290
,68027,4/4/2020,8040,120,199,12338
,68090,4/4/2020,8040,119,423,26226
,68565,4/11/2020,8040,117,353,6354
,68712,4/11/2020,8040,118,356,6408
,68750,4/11/2020,8040,114,229,5725
,68619,4/11/2020,8040,103,367,4404
,68605,4/11/2020,8040,110,425,10625
,68820,4/11/2020,8040,109,271,16260
,68508,4/11/2020,8040,114,383,9575
,68620,4/14/2020,8050,119,182,11284
,68329,4/14/2020,8050,115,417,2502
,68929,4/14/2020,8050,120,394,24428
,68545,4/14/2020,8050,112,244,6100
,68646,4/14/2020,8050,110,224,5600
,68782,4/14/2020,8050,103,316,3792
,68197,4/14/2020,8050,114,322,8050
,68544,4/14/2020,8040,102,399,4788
,68972,4/14/2020,8040,105,187,1870
,68091,4/14/2020,8040,101,268,3216
,68336,4/14/2020,8040,103,383,4596
,68468,4/14/2020,8040,115,195,1170
,68122,4/14/2020,8040,117,364,6552
,68816,4/14/2020,8040,105,274,2740
,68062,4/22/2020,8040,110,384,9600
,68213,4/22/2020,8040,105,305,3050
,68008,4/24/2020,8030,103,343,4116
,68827,4/24/2020,8030,115,219,1314
,68270,4/24/2020,8030,110,219,5475
,68557,4/24/2020,8030,109,247,14820
,68522,4/24/2020,8030,119,316,19592
,67182,5/5/2020,8050,109,390,23400
,67556,5/5/2020,8050,116,434,2604
,67068,5/5/2020,8050,118,260,4680
,67285,5/5/2020,8050,118,285,5130
,67795,5/5/2020,8040,118,406,7308
,67817,5/5/2020,8040,118,437,7866
,67600,5/5/2020,8040,117,290,5220
,67355,5/11/2020,8040,103,289,3468
,67139,5/11/2020,8040,108,267,16020
,67128,5/11/2020,8040,114,209,5225
,67893,5/11/2020,8040,119,172,10664
,67329,5/11/2020,8040,113,177,4425
,67112,5/11/2020,8040,111,245,4900
,67160,5/11/2020,8040,105,272,2720
,67165,5/15/2020,8050,108,196,11760
,67521,5/15/2020,8050,109,271,16260
,67083,5/15/2020,8050,116,396,2376
,67748,5/15/2020,8050,115,240,1440
,67713,5/15/2020,8050,120,153,9486
,67165,5/15/2020,8050,102,177,2124
,67713,5/15/2020,8050,108,224,13440
,67310,5/15/2020,8040,102,399,4788
,67204,5/15/2020,8040,118,231,4158
,67622,5/15/2020,8040,107,167,2171
,67083,5/15/2020,8040,107,257,3341
,67353,5/15/2020,8040,109,270,16200
,67898,5/15/2020,8040,106,271,3523
,67804,5/15/2020,8040,117,285,5130
,67413,5/22/2020,8040,113,240,6000
,67123,5/22/2020,8040,105,399,3990
,67264,5/25/2020,8030,116,327,1962
,67334,5/25/2020,8030,105,314,3140
,67550,5/25/2020,8030,114,295,7375
,67549,5/25/2020,8030,117,150,2700
,67962,5/25/2020,8030,110,235,5875
,66933,6/6/2020,8050,109,435,26100
,66905,6/6/2020,8050,120,187,11594
,66956,6/6/2020,8050,110,188,4700
,66941,6/6/2020,8050,119,387,23994
,66920,6/6/2020,8040,101,220,2640
,66911,6/6/2020,8040,111,442,8840
,66938,6/6/2020,8040,109,207,12420
,66990,6/11/2020,8040,118,199,3582
,66935,6/11/2020,8040,116,412,2472
,66928,6/11/2020,8040,114,283,7075
,66992,6/11/2020,8040,116,220,1320
,66906,6/11/2020,8040,116,345,2070
,66936,6/11/2020,8040,108,384,23040
,66977,6/11/2020,8040,109,261,15660
,66972,6/15/2020,8050,101,266,3192
,66983,6/15/2020,8050,102,341,4092
,66927,6/15/2020,8050,102,158,1896
,66969,6/15/2020,8050,107,286,3718
,66984,6/15/2020,8050,114,445,11125
,66937,6/15/2020,8050,112,292,7300
,66944,6/15/2020,8050,104,204,2448
,66941,6/15/2020,8040,107,336,4368
,66947,6/15/2020,8040,105,384,3840
,66984,6/15/2020,8040,107,199,2587
,66985,6/15/2020,8040,120,305,18910
,66906,6/15/2020,8040,117,363,6534
,66923,6/15/2020,8040,107,324,4212
,66967,6/15/2020,8040,109,274,16440
,66978,6/22/2020,8040,106,387,5031
,66983,6/22/2020,8040,119,439,27218
,66929,6/26/2020,8030,119,177,10974
,66955,6/26/2020,8030,117,300,5400
,66996,6/26/2020,8030,110,344,8600
,66997,6/26/2020,8030,107,318,4134
,66908,6/26/2020,8030,108,178,10680
,66633,7/7/2020,8050,115,327,1962
,66850,7/7/2020,8050,119,258,15996
,66874,7/7/2020,8050,114,175,4375
,66870,7/7/2020,8050,113,183,4575
,66883,7/7/2020,8040,106,251,3263
,66871,7/7/2020,8040,116,339,2034
,66828,7/7/2020,8040,108,180,10800
,66894,7/11/2020,8040,102,262,3144
,66803,7/11/2020,8040,117,418,7524
,66871,7/11/2020,8040,117,381,6858
,66890,7/11/2020,8040,111,180,3600
,66887,7/11/2020,8040,101,347,4164
,66898,7/11/2020,8040,120,401,24862
,66816,7/11/2020,8040,112,179,4475
,66840,7/15/2020,8050,113,268,6700
,66864,7/15/2020,8050,104,370,4440
,66865,7/15/2020,8050,115,278,1668
,66862,7/15/2020,8050,113,227,5675
,66803,7/15/2020,8050,108,418,25080
,66817,7/15/2020,8050,101,415,4980
,66812,7/15/2020,8050,102,247,2964
,66844,7/15/2020,8040,115,267,1602
,66823,7/15/2020,8040,105,328,3280
,66875,7/15/2020,8040,109,274,16440
,66893,7/15/2020,8040,103,399,4788
,66823,7/15/2020,8040,110,376,9400
,66890,7/15/2020,8040,114,385,9625
,66869,7/15/2020,8040,106,325,4225
,66847,7/22/2020,8040,106,297,3861
,66891,7/22/2020,8040,117,219,3942
,66889,7/26/2020,8030,107,173,2249
,66873,7/26/2020,8030,112,364,9100
,66817,7/26/2020,8030,101,265,3180
,66851,7/26/2020,8030,119,420,26040
,66815,7/26/2020,8030,115,446,2676
,66395,8/7/2020,8050,101,400,4800
,66430,8/7/2020,8050,102,248,2976
,66444,8/7/2020,8050,102,272,3264
,66448,8/7/2020,8050,113,288,7200
,66372,8/8/2020,8040,108,201,12060
,66302,8/8/2020,8040,120,352,21824
,66400,8/8/2020,8040,103,170,2040
,66396,8/11/2020,8040,107,192,2496
,66492,8/11/2020,8040,116,417,2502
,66397,8/11/2020,8040,101,175,2100
,66404,8/11/2020,8040,115,321,1926
,66361,8/11/2020,8040,111,443,8860
,66323,8/11/2020,8040,106,351,4563
,66383,8/11/2020,8040,101,161,1932
,66439,8/15/2020,8050,111,433,8660
,66312,8/15/2020,8050,102,250,3000
,66494,8/15/2020,8050,111,248,4960
,66301,8/15/2020,8050,120,406,25172
,66486,8/15/2020,8050,117,203,3654
,66355,8/15/2020,8050,119,269,16678
,66350,8/15/2020,8050,103,203,2436
,66339,8/15/2020,8040,115,422,2532
,66364,8/15/2020,8040,117,273,4914
,66354,8/15/2020,8040,114,386,9650
,66415,8/15/2020,8040,110,384,9600
,66465,8/15/2020,8040,106,163,2119
,66468,8/15/2020,8040,106,279,3627
,66359,8/15/2020,8040,108,264,15840
,66348,8/22/2020,8040,107,161,2093
,66425,8/22/2020,8040,115,421,2526
,66425,8/26/2020,8030,119,267,16554
,66383,8/26/2020,8030,119,396,24552
,66434,8/26/2020,8030,107,166,2158
,66332,8/26/2020,8030,116,432,2592
,66305,8/26/2020,8030,120,161,9982
1040DE,,,,,,
,71129,1/1/2020,8060,110,212,5300
,71166,1/1/2020,8060,120,425,26350
,71150,1/1/2020,8060,115,240,1440
,71137,1/1/2020,8060,114,376,9400
,71159,1/1/2020,8050,105,237,2370
,71162,1/1/2020,8050,116,214,1284
,71109,1/1/2020,8050,105,378,3780
,71177,1/1/2020,8060,108,334,20040
,71101,1/1/2020,8060,113,450,11250
,71116,1/11/2020,8060,110,299,7475
,71180,1/11/2020,8060,117,218,3924
,71126,1/11/2020,8050,102,240,2880
,71157,1/11/2020,8050,117,444,7992
,71126,1/11/2020,8050,117,363,6534
,71125,1/11/2020,8060,117,233,4194
,71187,1/11/2020,8060,103,223,2676
,71174,1/11/2020,8050,120,377,23374
,71159,1/11/2020,8050,115,226,1356
,71131,1/11/2020,8060,103,151,1812
,71134,1/11/2020,8060,102,339,4068
,71116,1/11/2020,8060,118,328,5904
,71127,1/11/2020,8050,118,427,7686
,71106,1/11/2020,8050,111,441,8820
,71137,1/11/2020,8060,119,321,19902
,71106,1/11/2020,8060,117,288,5184
,71198,1/11/2020,8050,111,442,8840
,71157,1/11/2020,8050,101,399,4788
,71175,1/11/2020,8050,111,212,4240
,71152,1/11/2020,8060,110,413,10325
,71113,1/11/2020,8060,116,174,1044
,71171,1/11/2020,8050,119,187,11594
,71138,1/11/2020,8050,113,417,10425
,71159,1/11/2020,8050,106,196,2548
,71121,1/11/2020,8060,120,202,12524
,71102,1/11/2020,8060,103,376,4512
,71146,1/21/2020,8050,112,191,4775
,71183,1/21/2020,8050,108,395,23700
,71150,1/21/2020,8060,101,230,2760
,71149,1/21/2020,8060,114,283,7075
,71179,1/21/2020,8060,110,295,7375
,71177,1/21/2020,8050,104,160,1920
,71196,1/21/2020,8050,102,309,3708
,70421,2/2/2020,8060,114,371,9275
,70621,2/2/2020,8060,112,297,7425
,71051,2/2/2020,8060,113,336,8400
,70015,2/2/2020,8060,113,168,4200
,70202,2/2/2020,8050,115,388,2328
,70488,2/2/2020,8050,106,333,4329
,70848,2/2/2020,8050,114,210,5250
,70008,2/2/2020,8060,110,155,3875
,71032,2/2/2020,8060,117,425,7650
,71093,2/11/2020,8060,118,324,5832
,70057,2/11/2020,8060,115,159,954
,70521,2/11/2020,8050,111,326,6520
,70152,2/11/2020,8050,114,315,7875
,70207,2/11/2020,8050,120,430,26660
,70439,2/11/2020,8060,110,240,6000
,70216,2/11/2020,8060,103,351,4212
,70660,2/12/2020,8050,115,307,1842
,70666,2/12/2020,8050,116,343,2058
,70937,2/12/2020,8060,115,450,2700
,70860,2/12/2020,8060,114,432,10800
,70281,2/12/2020,8060,109,396,23760
,70132,2/12/2020,8050,104,359,4308
,70645,2/12/2020,8050,116,215,1290
,70620,2/12/2020,8060,120,414,25668
,70511,2/12/2020,8060,107,194,2522
,70141,2/12/2020,8050,114,202,5050
,70962,2/12/2020,8050,119,217,13454
,70703,2/12/2020,8050,118,204,3672
,70382,2/12/2020,8060,102,238,2856
,71078,2/12/2020,8060,105,162,1620
,70748,2/12/2020,8050,117,296,5328
,70897,2/12/2020,8050,106,163,2119
,70244,2/12/2020,8050,110,303,7575
,70139,2/12/2020,8060,112,191,4775
,70713,2/12/2020,8060,105,317,3170
,70979,2/21/2020,8050,106,207,2691
,70379,2/21/2020,8050,105,381,3810
,70556,2/21/2020,8060,111,265,5300
,70668,2/21/2020,8060,101,431,5172
,70071,2/21/2020,8060,109,426,25560
,70619,2/21/2020,8050,116,302,1812
,71075,2/21/2020,8050,110,301,7525
,69866,3/3/2020,8060,104,312,3744
,69154,3/3/2020,8060,104,381,4572
,69402,3/3/2020,8060,106,242,3146
,69148,3/3/2020,8060,116,414,2484
,69801,3/3/2020,8050,118,216,3888
,69880,3/3/2020,8050,104,382,4584
,69075,3/3/2020,8050,105,164,1640
,69588,3/3/2020,8060,103,447,5364
,69940,3/3/2020,8060,114,430,10750
,69536,3/11/2020,8060,111,370,7400
,69753,3/11/2020,8060,109,160,9600
,69904,3/11/2020,8050,118,202,3636
,69304,3/11/2020,8050,107,434,5642
,69123,3/11/2020,8050,112,305,7625
,69952,3/11/2020,8060,104,370,4440
,69217,3/11/2020,8060,103,373,4476
,69760,3/13/2020,8050,111,385,7700
,69628,3/13/2020,8050,117,422,7596
,69414,3/13/2020,8060,105,241,2410
,69868,3/13/2020,8060,114,426,10650
,69158,3/13/2020,8060,114,371,9275
,69598,3/13/2020,8050,113,246,6150
,69327,3/13/2020,8050,102,286,3432
,69428,3/13/2020,8060,120,251,15562
,69406,3/13/2020,8060,106,242,3146
,69443,3/13/2020,8050,120,338,20956
,69609,3/13/2020,8050,104,208,2496
,69520,3/13/2020,8050,120,169,10478
,69566,3/13/2020,8060,114,306,7650
,69003,3/13/2020,8060,118,233,4194
,69964,3/13/2020,8050,114,172,4300
,69476,3/13/2020,8050,111,334,6680
,69197,3/13/2020,8050,112,338,8450
,69992,3/13/2020,8060,114,166,4150
,69829,3/13/2020,8060,115,438,2628
,69185,3/21/2020,8050,101,394,4728
,69577,3/21/2020,8050,103,200,2400
,69742,3/21/2020,8060,108,386,23160
,69271,3/21/2020,8060,104,437,5244
,69623,3/21/2020,8060,117,253,4554
,69066,3/21/2020,8050,102,265,3180
,69899,3/21/2020,8050,115,253,1518
,68867,4/4/2020,8060,112,256,6400
,68343,4/4/2020,8060,111,350,7000
,68035,4/4/2020,8060,101,172,2064
,68908,4/4/2020,8060,105,247,2470
,68124,4/4/2020,8050,101,296,3552
,68907,4/4/2020,8050,116,385,2310
,68384,4/4/2020,8050,110,313,7825
,68046,4/4/2020,8060,120,366,22692
,68050,4/4/2020,8060,112,250,6250
,68764,4/11/2020,8060,114,326,8150
,68145,4/11/2020,8060,107,409,5317
,68351,4/11/2020,8050,114,398,9950
,68677,4/11/2020,8050,116,413,2478
,68140,4/11/2020,8050,116,365,2190
,68978,4/11/2020,8060,119,179,11098
,68344,4/11/2020,8060,115,199,1194
,69000,4/13/2020,8060,117,400,7200
,68242,4/13/2020,8060,119,177,10974
,68636,4/14/2020,8050,102,297,3564
,68281,4/14/2020,8050,114,426,10650
,68614,4/14/2020,8060,103,296,3552
,68000,4/14/2020,8060,120,264,16368
,68632,4/14/2020,8060,115,196,1176
,68337,4/14/2020,8050,118,343,6174
,68014,4/14/2020,8050,105,347,3470
,68419,4/14/2020,8050,120,157,9734
,68872,4/14/2020,8050,110,244,6100
,68758,4/14/2020,8050,116,328,1968
,68251,4/14/2020,8060,114,214,5350
,68637,4/14/2020,8060,101,275,3300
,68023,4/14/2020,8050,108,356,21360
,68334,4/14/2020,8050,111,419,8380
,68831,4/14/2020,8050,102,438,5256
,68387,4/14/2020,8060,107,320,4160
,68826,4/14/2020,8060,103,331,3972
,68377,4/21/2020,8050,109,360,21600
,68202,4/21/2020,8050,105,230,2300
,68664,4/21/2020,8060,113,202,5050
,68747,4/21/2020,8060,112,235,5875
,68036,4/21/2020,8060,106,231,3003
,68433,4/21/2020,8050,113,419,10475
,68950,4/21/2020,8050,106,240,3120
,67513,5/4/2020,8060,102,344,4128
,67810,5/4/2020,8060,108,358,21480
,67751,5/5/2020,8060,111,169,3380
,67170,5/5/2020,8060,107,329,4277
,67410,5/5/2020,8050,108,172,10320
,67375,5/5/2020,8050,113,162,4050
,67052,5/5/2020,8050,106,161,2093
,67209,5/5/2020,8060,117,371,6678
,67399,5/5/2020,8060,113,435,10875
,67250,5/11/2020,8060,111,202,4040
,67665,5/11/2020,8060,115,374,2244
,67895,5/11/2020,8050,108,440,26400
,67358,5/11/2020,8050,103,393,4716
,67612,5/11/2020,8050,111,218,4360
,67857,5/11/2020,8060,115,291,1746
,67016,5/11/2020,8060,116,238,1428
,67729,5/13/2020,8060,114,254,6350
,67345,5/13/2020,8060,111,197,3940
,67619,5/14/2020,8050,115,355,2130
,67841,5/14/2020,8050,118,388,6984
,67229,5/14/2020,8050,120,336,20832
,67795,5/15/2020,8050,112,399,9975
,67931,5/15/2020,8050,115,157,942
,67978,5/15/2020,8060,118,348,6264
,67635,5/15/2020,8060,111,397,7940
,67305,5/15/2020,8060,105,155,1550
,67127,5/15/2020,8050,119,280,17360
,67642,5/15/2020,8050,101,401,4812
,67121,5/15/2020,8060,109,173,10380
,67134,5/15/2020,8060,107,236,3068
,67095,5/15/2020,8050,109,421,25260
,67472,5/15/2020,8050,110,400,10000
,67647,5/15/2020,8050,109,430,25800
,67520,5/15/2020,8060,120,291,18042
,67908,5/15/2020,8060,116,225,1350
,67851,5/21/2020,8050,105,340,3400
,67454,5/21/2020,8050,104,278,3336
,67899,5/21/2020,8060,114,229,5725
,67675,5/21/2020,8060,112,314,7850
,67929,5/21/2020,8060,106,444,5772
,67323,5/21/2020,8050,105,206,2060
,67393,5/21/2020,8050,107,313,4069
,66976,6/4/2020,8060,109,341,20460
,66916,6/4/2020,8060,111,317,6340
,66932,6/6/2020,8060,113,424,10600
,66911,6/6/2020,8060,108,355,21300
,66980,6/6/2020,8050,116,200,1200
,66920,6/6/2020,8050,111,399,7980
,66968,6/6/2020,8050,115,189,1134
,66967,6/6/2020,8060,102,277,3324
,66939,6/6/2020,8060,118,213,3834
,66900,6/11/2020,8060,120,272,16864
,66938,6/11/2020,8060,119,338,20956
,66905,6/11/2020,8050,101,328,3936
,66968,6/11/2020,8050,105,327,3270
,66956,6/11/2020,8050,116,237,1422
,66989,6/11/2020,8060,113,361,9025
,66940,6/11/2020,8060,116,161,966
,66987,6/13/2020,8060,119,321,19902
,66929,6/13/2020,8060,104,337,4044
,66973,6/14/2020,8050,116,413,2478
,66950,6/14/2020,8050,105,378,3780
,66963,6/14/2020,8050,108,444,26640
,66971,6/15/2020,8050,105,404,4040
,66954,6/15/2020,8050,114,272,6800
,66935,6/15/2020,8060,118,442,7956
,66954,6/15/2020,8060,117,239,4302
,66912,6/15/2020,8060,107,214,2782
,66977,6/15/2020,8050,112,190,4750
,66955,6/15/2020,8050,116,370,2220
,66921,6/16/2020,8060,120,196,12152
,66987,6/16/2020,8060,118,197,3546
,66966,6/16/2020,8050,114,329,8225
,66914,6/16/2020,8050,115,241,1446
,66953,6/16/2020,8050,107,181,2353
,67000,6/16/2020,8060,104,265,3180
,66971,6/16/2020,8060,101,296,3552
,66952,6/21/2020,8050,113,376,9400
,66932,6/21/2020,8050,111,173,3460
,66923,6/21/2020,8060,120,162,10044
,66955,6/21/2020,8060,114,399,9975
,66953,6/21/2020,8060,111,239,4780
,66935,6/21/2020,8050,116,315,1890
,66927,6/21/2020,8050,106,312,4056
,66802,7/4/2020,8060,106,352,4576
,66834,7/4/2020,8060,110,224,5600
,66826,7/7/2020,8060,114,425,10625
,66875,7/7/2020,8060,104,372,4464
,66833,7/7/2020,8050,101,426,5112
,66837,7/7/2020,8050,111,263,5260
,66877,7/7/2020,8050,118,227,4086
,66817,7/7/2020,8060,120,186,11532
,66806,7/7/2020,8060,107,425,5525
,66873,7/11/2020,8060,106,449,5837
,66897,7/11/2020,8060,102,267,3204
,66876,7/11/2020,8050,113,150,3750
,66886,7/11/2020,8050,112,445,11125
,66851,7/11/2020,8050,117,203,3654
,66802,7/11/2020,8060,107,293,3809
,66857,7/11/2020,8060,107,299,3887
,66841,7/13/2020,8060,109,442,26520
,66878,7/13/2020,8060,118,249,4482
,66813,7/14/2020,8050,103,199,2388
,66880,7/14/2020,8050,113,239,5975
,66847,7/14/2020,8050,107,239,3107
,66895,7/15/2020,8050,106,285,3705
,66855,7/15/2020,8050,116,364,2184
,66884,7/15/2020,8060,102,295,3540
,66852,7/15/2020,8060,118,344,6192
,66884,7/15/2020,8060,113,325,8125
,66823,7/15/2020,8050,114,282,7050
,66852,7/15/2020,8050,105,309,3090
,66826,7/17/2020,8060,107,369,4797
,66812,7/17/2020,8060,104,229,2748
,66881,7/17/2020,8050,119,167,10354
,66852,7/17/2020,8050,105,164,1640
,66877,7/17/2020,8050,111,221,4420
,66812,7/17/2020,8060,101,436,5232
,66899,7/17/2020,8060,108,260,15600
,66801,7/21/2020,8050,110,161,4025
,66849,7/21/2020,8050,104,311,3732
,66807,7/21/2020,8060,110,230,5750
,66878,7/21/2020,8060,103,168,2016
,66816,7/21/2020,8060,117,352,6336
,66895,7/21/2020,8050,119,340,21080
,66826,7/21/2020,8050,104,384,4608
,66335,8/4/2020,8060,117,339,6102
,66438,8/4/2020,8060,107,185,2405
,66494,8/7/2020,8060,112,160,4000
,66422,8/7/2020,8060,104,404,4848
,66452,8/8/2020,8050,102,187,2244
,66304,8/8/2020,8050,116,251,1506
,66490,8/8/2020,8050,104,382,4584
,66469,8/8/2020,8060,105,186,1860
,66379,8/8/2020,8060,118,347,6246
,66489,8/11/2020,8060,115,355,2130
,66452,8/11/2020,8060,119,216,13392
,66492,8/11/2020,8050,115,203,1218
,66338,8/11/2020,8050,120,159,9858
,66446,8/11/2020,8050,108,294,17640
,66442,8/11/2020,8060,101,305,3660
,66467,8/11/2020,8060,116,426,2556
,66317,8/13/2020,8060,109,230,13800
,66318,8/13/2020,8060,117,373,6714
,66406,8/14/2020,8050,105,442,4420
,66369,8/14/2020,8050,109,311,18660
,66351,8/14/2020,8050,105,433,4330
,66490,8/15/2020,8050,102,359,4308
,66338,8/15/2020,8050,110,211,5275
,66378,8/15/2020,8060,118,292,5256
,66349,8/15/2020,8060,113,182,4550
,66460,8/15/2020,8060,118,380,6840
,66300,8/15/2020,8050,108,450,27000
,66307,8/15/2020,8050,108,192,11520
,66306,8/17/2020,8060,110,372,9300
,66492,8/17/2020,8060,111,239,4780
,66410,8/17/2020,8050,115,294,1764
,66460,8/17/2020,8050,104,263,3156
,66416,8/17/2020,8050,112,229,5725
,66380,8/17/2020,8060,108,383,22980
,66448,8/17/2020,8060,107,298,3874
,66307,8/21/2020,8050,110,265,6625
,66485,8/21/2020,8050,108,360,21600
,66459,8/21/2020,8060,104,437,5244
,66337,8/21/2020,8060,117,172,3096
,66452,8/21/2020,8060,113,286,7150
,66419,8/21/2020,8050,110,313,7825
,66441,8/21/2020,8050,117,167,3006